src_ip,flows,bytes_up,bytes_down,anomaly_score,is_anomaly
10.0.0.5,1,2048,512,0.10676576243247532,False
10.0.0.6,1,1024,512,0.0029118949340358746,False
10.0.0.7,1,2048,1024,-0.0003235438815595293,True
